entity_type,entity_id,entity_name,entity_path,content,full_text,metadata_json,source_url,created_at,updated_at,author,tags,relationships
"project","project_74557728","paxium-access-broker","atlas-datascience/lion/project-lion/paxium-access-broker","","Project: paxium-access-broker\nPath: atlas-datascience/lion/project-lion/paxium-access-broker\nDescription: \nURL: https://gitlab.com/atlas-datascience/lion/project-lion/paxium-access-broker","{""id"":74557728,""name"":""paxium-access-broker"",""path"":""atlas-datascience/lion/project-lion/paxium-access-broker"",""namespace"":""atlas-datascience/lion/project-lion"",""visibility"":""private"",""default_branch"":""main"",""star_count"":0,""forks_count"":0}","https://gitlab.com/atlas-datascience/lion/project-lion/paxium-access-broker","2025-09-18T21:11:35.283Z","2025-09-18T21:11:35.283Z","","project,gitlab,project-lion/paxium-access-broker",""
"project","project_74338957","Edge Connector GeoPDF","atlas-datascience/lion/project-lion/edge-connectors/edge-connector-geopdf","","Project: Edge Connector GeoPDF\nPath: atlas-datascience/lion/project-lion/edge-connectors/edge-connector-geopdf\nDescription: \nURL: https://gitlab.com/atlas-datascience/lion/project-lion/edge-connectors/edge-connector-geopdf","{""id"":74338957,""name"":""Edge Connector GeoPDF"",""path"":""atlas-datascience/lion/project-lion/edge-connectors/edge-connector-geopdf"",""namespace"":""atlas-datascience/lion/project-lion/edge-connectors"",""visibility"":""private"",""default_branch"":""main"",""star_count"":0,""forks_count"":0}","https://gitlab.com/atlas-datascience/lion/project-lion/edge-connectors/edge-connector-geopdf","2025-09-10T16:52:23.231Z","2025-09-10T16:52:23.231Z","","project,gitlab,project-lion/edge-connectors/edge-connector-geopdf",""
"project","project_74119475","paxium-policies","atlas-datascience/lion/project-lion/paxium-policies","","Project: paxium-policies\nPath: atlas-datascience/lion/project-lion/paxium-policies\nDescription: \nURL: https://gitlab.com/atlas-datascience/lion/project-lion/paxium-policies","{""id"":74119475,""name"":""paxium-policies"",""path"":""atlas-datascience/lion/project-lion/paxium-policies"",""namespace"":""atlas-datascience/lion/project-lion"",""visibility"":""private"",""default_branch"":""main"",""star_count"":0,""forks_count"":0}","https://gitlab.com/atlas-datascience/lion/project-lion/paxium-policies","2025-09-02T17:13:12.710Z","2025-09-02T17:13:12.710Z","","project,gitlab,project-lion/paxium-policies",""
"project","project_74013701","paxium-web","atlas-datascience/lion/project-lion/paxium-web","","Project: paxium-web\nPath: atlas-datascience/lion/project-lion/paxium-web\nDescription: \nURL: https://gitlab.com/atlas-datascience/lion/project-lion/paxium-web","{""id"":74013701,""name"":""paxium-web"",""path"":""atlas-datascience/lion/project-lion/paxium-web"",""namespace"":""atlas-datascience/lion/project-lion"",""visibility"":""private"",""default_branch"":""main"",""star_count"":0,""forks_count"":0}","https://gitlab.com/atlas-datascience/lion/project-lion/paxium-web","2025-08-29T12:26:49.456Z","2025-08-29T12:26:49.456Z","","project,gitlab,project-lion/paxium-web",""
"project","project_74013678","paxium-sdk-typescript","atlas-datascience/lion/project-lion/paxium-sdk-typescript","","Project: paxium-sdk-typescript\nPath: atlas-datascience/lion/project-lion/paxium-sdk-typescript\nDescription: \nURL: https://gitlab.com/atlas-datascience/lion/project-lion/paxium-sdk-typescript","{""id"":74013678,""name"":""paxium-sdk-typescript"",""path"":""atlas-datascience/lion/project-lion/paxium-sdk-typescript"",""namespace"":""atlas-datascience/lion/project-lion"",""visibility"":""private"",""default_branch"":""main"",""star_count"":0,""forks_count"":0}","https://gitlab.com/atlas-datascience/lion/project-lion/paxium-sdk-typescript","2025-08-29T12:26:07.091Z","2025-08-29T12:26:07.091Z","","project,gitlab,project-lion/paxium-sdk-typescript",""
"project","project_74013664","paxium-api","atlas-datascience/lion/project-lion/paxium-api","","Project: paxium-api\nPath: atlas-datascience/lion/project-lion/paxium-api\nDescription: \nURL: https://gitlab.com/atlas-datascience/lion/project-lion/paxium-api","{""id"":74013664,""name"":""paxium-api"",""path"":""atlas-datascience/lion/project-lion/paxium-api"",""namespace"":""atlas-datascience/lion/project-lion"",""visibility"":""private"",""default_branch"":""main"",""star_count"":0,""forks_count"":0}","https://gitlab.com/atlas-datascience/lion/project-lion/paxium-api","2025-08-29T12:25:42.332Z","2025-08-29T12:25:42.332Z","","project,gitlab,project-lion/paxium-api",""
"project","project_73962713","opa","atlas-datascience/lion/cicd/containers/opa","","Project: opa\nPath: atlas-datascience/lion/cicd/containers/opa\nDescription: \nURL: https://gitlab.com/atlas-datascience/lion/cicd/containers/opa","{""id"":73962713,""name"":""opa"",""path"":""atlas-datascience/lion/cicd/containers/opa"",""namespace"":""atlas-datascience/lion/cicd/containers"",""visibility"":""private"",""default_branch"":""main"",""star_count"":0,""forks_count"":0}","https://gitlab.com/atlas-datascience/lion/cicd/containers/opa","2025-08-28T17:59:46.923Z","2025-08-28T17:59:46.923Z","","project,gitlab,cicd/containers/opa",""
"project","project_71833323","sts-cross-account ","atlas-datascience/lion/infrastructure/sts-cross-account","","Project: sts-cross-account \nPath: atlas-datascience/lion/infrastructure/sts-cross-account\nDescription: \nURL: https://gitlab.com/atlas-datascience/lion/infrastructure/sts-cross-account","{""id"":71833323,""name"":""sts-cross-account "",""path"":""atlas-datascience/lion/infrastructure/sts-cross-account"",""namespace"":""atlas-datascience/lion/infrastructure"",""visibility"":""private"",""default_branch"":""main"",""star_count"":0,""forks_count"":0}","https://gitlab.com/atlas-datascience/lion/infrastructure/sts-cross-account","2025-07-22T13:38:17.949Z","2025-07-22T13:38:17.949Z","","project,gitlab,infrastructure/sts-cross-account",""
"project","project_71561356","open-metadata-client","atlas-datascience/lion/project-lion/data-ingestion-enrichment/open-metadata-client","This function is intended to take the enriched record created and write it to Open Metadata.","Project: open-metadata-client\nPath: atlas-datascience/lion/project-lion/data-ingestion-enrichment/open-metadata-client\nDescription: This function is intended to take the enriched record created and write it to Open Metadata.\nURL: https://gitlab.com/atlas-datascience/lion/project-lion/data-ingestion-enrichment/open-metadata-client","{""id"":71561356,""name"":""open-metadata-client"",""path"":""atlas-datascience/lion/project-lion/data-ingestion-enrichment/open-metadata-client"",""namespace"":""atlas-datascience/lion/project-lion/data-ingestion-enrichment"",""visibility"":""private"",""default_branch"":""main"",""star_count"":0,""forks_count"":0}","https://gitlab.com/atlas-datascience/lion/project-lion/data-ingestion-enrichment/open-metadata-client","2025-07-11T17:38:56.780Z","2025-07-11T17:38:56.780Z","","project,gitlab,project-lion/data-ingestion-enrichment/open-metadata-client",""
"project","project_71561102","geo-political-determination","atlas-datascience/lion/project-lion/data-ingestion-enrichment/enrichment-functions/geo-political-determination","This function utilizes a geometric shape, if present on ingestion, as a query parameter against a known geo political boundary service.  The result of this query should provided an ordered list of country codes, states, etc that the geometric shape overlaps.  This information enables data discoverability by country and state as a textual search vs a geospatial (mathematical) one.","Project: geo-political-determination\nPath: atlas-datascience/lion/project-lion/data-ingestion-enrichment/enrichment-functions/geo-political-determination\nDescription: This function utilizes a geometric shape, if present on ingestion, as a query parameter against a known geo political boundary service.  The result of this query should provided an ordered list of country codes, states, etc that the geometric shape overlaps.  This information enables data discoverability by country and state as a textual search vs a geospatial (mathematical) one.\nURL: https://gitlab.com/atlas-datascience/lion/project-lion/data-ingestion-enrichment/enrichment-functions/geo-political-determination","{""id"":71561102,""name"":""geo-political-determination"",""path"":""atlas-datascience/lion/project-lion/data-ingestion-enrichment/enrichment-functions/geo-political-determination"",""namespace"":""atlas-datascience/lion/project-lion/data-ingestion-enrichment/enrichment-functions"",""visibility"":""private"",""default_branch"":""main"",""star_count"":0,""forks_count"":0}","https://gitlab.com/atlas-datascience/lion/project-lion/data-ingestion-enrichment/enrichment-functions/geo-political-determination","2025-07-11T17:24:42.218Z","2025-07-11T17:24:42.218Z","","project,gitlab,project-lion/data-ingestion-enrichment/enrichment-functions/geo-political-determination",""
"project","project_71561062","geo-coordinate-normalization","atlas-datascience/lion/project-lion/data-ingestion-enrichment/enrichment-functions/coordinate-conditioning","Transformation of geometric coordinates to a known global standard coordinate system and datum (WGS84/EGM96).  Coordinates captured through the extraction process for geometric shapes may be tied to any coordinate reference system (CRS).  This function transforms the shape to a common standard prior to record creation.  Doing this on ingestion mitigates the need to transform every geometry on the fly in support of geospatial operations performed during filtering.","Project: geo-coordinate-normalization\nPath: atlas-datascience/lion/project-lion/data-ingestion-enrichment/enrichment-functions/coordinate-conditioning\nDescription: Transformation of geometric coordinates to a known global standard coordinate system and datum (WGS84/EGM96).  Coordinates captured through the extraction process for geometric shapes may be tied to any coordinate reference system (CRS).  This function transforms the shape to a common standard prior to record creation.  Doing this on ingestion mitigates the need to transform every geometry on the fly in support of geospatial operations performed during filtering.\nURL: https://gitlab.com/atlas-datascience/lion/project-lion/data-ingestion-enrichment/enrichment-functions/coordinate-conditioning","{""id"":71561062,""name"":""geo-coordinate-normalization"",""path"":""atlas-datascience/lion/project-lion/data-ingestion-enrichment/enrichment-functions/coordinate-conditioning"",""namespace"":""atlas-datascience/lion/project-lion/data-ingestion-enrichment/enrichment-functions"",""visibility"":""private"",""default_branch"":""main"",""star_count"":0,""forks_count"":0}","https://gitlab.com/atlas-datascience/lion/project-lion/data-ingestion-enrichment/enrichment-functions/coordinate-conditioning","2025-07-11T17:22:26.046Z","2025-07-11T17:22:26.046Z","","project,gitlab,project-lion/data-ingestion-enrichment/enrichment-functions/coordinate-conditioning",""
"project","project_71561032","labeling","atlas-datascience/lion/project-lion/data-ingestion-enrichment/enrichment-functions/labeling","This function applies labels to the entity record as applicable to Open Policy Agent (OPA) rules defined for the entity within Open Meta Data.","Project: labeling\nPath: atlas-datascience/lion/project-lion/data-ingestion-enrichment/enrichment-functions/labeling\nDescription: This function applies labels to the entity record as applicable to Open Policy Agent (OPA) rules defined for the entity within Open Meta Data.\nURL: https://gitlab.com/atlas-datascience/lion/project-lion/data-ingestion-enrichment/enrichment-functions/labeling","{""id"":71561032,""name"":""labeling"",""path"":""atlas-datascience/lion/project-lion/data-ingestion-enrichment/enrichment-functions/labeling"",""namespace"":""atlas-datascience/lion/project-lion/data-ingestion-enrichment/enrichment-functions"",""visibility"":""private"",""default_branch"":""main"",""star_count"":0,""forks_count"":0}","https://gitlab.com/atlas-datascience/lion/project-lion/data-ingestion-enrichment/enrichment-functions/labeling","2025-07-11T17:21:16.304Z","2025-07-11T17:21:16.304Z","","project,gitlab,project-lion/data-ingestion-enrichment/enrichment-functions/labeling",""
"project","project_71561026","infrastructure","atlas-datascience/lion/project-lion/data-ingestion-enrichment/infrastructure","This project contains the Infrastructure As Code (IaC) required to deliver the data ingestion and enrichment capabilities.","Project: infrastructure\nPath: atlas-datascience/lion/project-lion/data-ingestion-enrichment/infrastructure\nDescription: This project contains the Infrastructure As Code (IaC) required to deliver the data ingestion and enrichment capabilities.\nURL: https://gitlab.com/atlas-datascience/lion/project-lion/data-ingestion-enrichment/infrastructure","{""id"":71561026,""name"":""infrastructure"",""path"":""atlas-datascience/lion/project-lion/data-ingestion-enrichment/infrastructure"",""namespace"":""atlas-datascience/lion/project-lion/data-ingestion-enrichment"",""visibility"":""private"",""default_branch"":""main"",""star_count"":0,""forks_count"":0}","https://gitlab.com/atlas-datascience/lion/project-lion/data-ingestion-enrichment/infrastructure","2025-07-11T17:20:50.185Z","2025-07-11T17:20:50.185Z","","project,gitlab,project-lion/data-ingestion-enrichment/infrastructure",""
"project","project_71561008","kinesis-receiver","atlas-datascience/lion/project-lion/data-ingestion-enrichment/kinesis-receiver","This function takes kinesis events and feeds them into a workflow engine so as to be processed by the enrichment functions.","Project: kinesis-receiver\nPath: atlas-datascience/lion/project-lion/data-ingestion-enrichment/kinesis-receiver\nDescription: This function takes kinesis events and feeds them into a workflow engine so as to be processed by the enrichment functions.\nURL: https://gitlab.com/atlas-datascience/lion/project-lion/data-ingestion-enrichment/kinesis-receiver","{""id"":71561008,""name"":""kinesis-receiver"",""path"":""atlas-datascience/lion/project-lion/data-ingestion-enrichment/kinesis-receiver"",""namespace"":""atlas-datascience/lion/project-lion/data-ingestion-enrichment"",""visibility"":""private"",""default_branch"":""main"",""star_count"":0,""forks_count"":0}","https://gitlab.com/atlas-datascience/lion/project-lion/data-ingestion-enrichment/kinesis-receiver","2025-07-11T17:19:54.425Z","2025-07-11T17:19:54.425Z","","project,gitlab,project-lion/data-ingestion-enrichment/kinesis-receiver",""
"project","project_71529570","environment networks","atlas-datascience/lion/infrastructure/aws/environment-networks","","Project: environment networks\nPath: atlas-datascience/lion/infrastructure/aws/environment-networks\nDescription: \nURL: https://gitlab.com/atlas-datascience/lion/infrastructure/aws/environment-networks","{""id"":71529570,""name"":""environment networks"",""path"":""atlas-datascience/lion/infrastructure/aws/environment-networks"",""namespace"":""atlas-datascience/lion/infrastructure/aws"",""visibility"":""private"",""default_branch"":""main"",""star_count"":0,""forks_count"":0}","https://gitlab.com/atlas-datascience/lion/infrastructure/aws/environment-networks","2025-07-10T15:15:01.827Z","2025-07-10T15:15:01.827Z","","project,gitlab,infrastructure/aws/environment-networks",""
"project","project_71529533","master network","atlas-datascience/lion/infrastructure/aws/master-network","","Project: master network\nPath: atlas-datascience/lion/infrastructure/aws/master-network\nDescription: \nURL: https://gitlab.com/atlas-datascience/lion/infrastructure/aws/master-network","{""id"":71529533,""name"":""master network"",""path"":""atlas-datascience/lion/infrastructure/aws/master-network"",""namespace"":""atlas-datascience/lion/infrastructure/aws"",""visibility"":""private"",""default_branch"":""main"",""star_count"":0,""forks_count"":0}","https://gitlab.com/atlas-datascience/lion/infrastructure/aws/master-network","2025-07-10T15:14:00.940Z","2025-07-10T15:14:00.940Z","","project,gitlab,infrastructure/aws/master-network",""
"project","project_71509248","product-backlog","atlas-datascience/lion/devops","","Project: product-backlog\nPath: atlas-datascience/lion/devops\nDescription: \nURL: https://gitlab.com/atlas-datascience/lion/devops","{""id"":71509248,""name"":""product-backlog"",""path"":""atlas-datascience/lion/devops"",""namespace"":""atlas-datascience/lion"",""visibility"":""private"",""default_branch"":""main"",""star_count"":0,""forks_count"":0}","https://gitlab.com/atlas-datascience/lion/devops","2025-07-10T01:07:13.439Z","2025-07-10T01:07:13.439Z","","project,gitlab,devops",""
"wiki_page","wiki_71509248_Lion-Software-Development","Lion Software Development","atlas-datascience/lion/devops/wiki/Lion-Software-Development","--- title: Lion Software Development Resources --- # Introduction  # Quicklinks  # Agile Development Guide  # Shared Resources ","Wiki Page: Lion Software Development\nProject: product-backlog (atlas-datascience/lion/devops)\nContent:\n--- title: Lion Software Development Resources --- # Introduction  # Quicklinks  # Agile Development Guide  # Shared Resources ","{
  ""project_id"": ""71509248"",
  ""project_path"": ""atlas-datascience/lion/devops"",
  ""slug"": ""Lion-Software-Development"",
  ""format"": ""markdown""
}","https://gitlab.com/atlas-datascience/lion/devops/-/wikis/Lion-Software-Development","2025-07-10T01:07:13.439Z","2025-07-10T01:07:13.439Z","","wiki,documentation,markdown,devops","project_71509248"
"project","project_71311398","renovate-runner","atlas-datascience/lion/renovate-runner","","Project: renovate-runner\nPath: atlas-datascience/lion/renovate-runner\nDescription: \nURL: https://gitlab.com/atlas-datascience/lion/renovate-runner","{""id"":71311398,""name"":""renovate-runner"",""path"":""atlas-datascience/lion/renovate-runner"",""namespace"":""atlas-datascience/lion"",""visibility"":""private"",""default_branch"":""main"",""star_count"":0,""forks_count"":0}","https://gitlab.com/atlas-datascience/lion/renovate-runner","2025-07-02T14:43:42.135Z","2025-07-02T14:43:42.135Z","","project,gitlab,renovate-runner",""
"project","project_71249866","lion - Security policy project","atlas-datascience/lion/lion-security-policy-project","This project is automatically generated to manage security policies for the project.","Project: lion - Security policy project\nPath: atlas-datascience/lion/lion-security-policy-project\nDescription: This project is automatically generated to manage security policies for the project.\nURL: https://gitlab.com/atlas-datascience/lion/lion-security-policy-project","{""id"":71249866,""name"":""lion - Security policy project"",""path"":""atlas-datascience/lion/lion-security-policy-project"",""namespace"":""atlas-datascience/lion"",""visibility"":""private"",""default_branch"":""main"",""star_count"":0,""forks_count"":0}","https://gitlab.com/atlas-datascience/lion/lion-security-policy-project","2025-06-30T16:58:40.397Z","2025-06-30T16:58:40.397Z","","project,gitlab,lion-security-policy-project",""
"project","project_71164198","schemas","atlas-datascience/lion/project-lion/schemas","","Project: schemas\nPath: atlas-datascience/lion/project-lion/schemas\nDescription: \nURL: https://gitlab.com/atlas-datascience/lion/project-lion/schemas","{""id"":71164198,""name"":""schemas"",""path"":""atlas-datascience/lion/project-lion/schemas"",""namespace"":""atlas-datascience/lion/project-lion"",""visibility"":""private"",""default_branch"":""main"",""star_count"":0,""forks_count"":0}","https://gitlab.com/atlas-datascience/lion/project-lion/schemas","2025-06-26T19:29:28.185Z","2025-06-26T19:29:28.185Z","","project,gitlab,project-lion/schemas",""
"project","project_71131328","security","atlas-datascience/lion/cicd/catalog/security","","Project: security\nPath: atlas-datascience/lion/cicd/catalog/security\nDescription: \nURL: https://gitlab.com/atlas-datascience/lion/cicd/catalog/security","{""id"":71131328,""name"":""security"",""path"":""atlas-datascience/lion/cicd/catalog/security"",""namespace"":""atlas-datascience/lion/cicd/catalog"",""visibility"":""private"",""default_branch"":""main"",""star_count"":0,""forks_count"":0}","https://gitlab.com/atlas-datascience/lion/cicd/catalog/security","2025-06-25T17:55:44.286Z","2025-06-25T17:55:44.286Z","","project,gitlab,cicd/catalog/security",""
"project","project_71129638","pipelines","atlas-datascience/lion/cicd/catalog/pipelines","","Project: pipelines\nPath: atlas-datascience/lion/cicd/catalog/pipelines\nDescription: \nURL: https://gitlab.com/atlas-datascience/lion/cicd/catalog/pipelines","{""id"":71129638,""name"":""pipelines"",""path"":""atlas-datascience/lion/cicd/catalog/pipelines"",""namespace"":""atlas-datascience/lion/cicd/catalog"",""visibility"":""private"",""default_branch"":""main"",""star_count"":0,""forks_count"":0}","https://gitlab.com/atlas-datascience/lion/cicd/catalog/pipelines","2025-06-25T17:00:47.105Z","2025-06-25T17:00:47.105Z","","project,gitlab,cicd/catalog/pipelines",""
"project","project_71125468","aws account creation","atlas-datascience/lion/infrastructure/aws/aws-account-creation","","Project: aws account creation\nPath: atlas-datascience/lion/infrastructure/aws/aws-account-creation\nDescription: \nURL: https://gitlab.com/atlas-datascience/lion/infrastructure/aws/aws-account-creation","{""id"":71125468,""name"":""aws account creation"",""path"":""atlas-datascience/lion/infrastructure/aws/aws-account-creation"",""namespace"":""atlas-datascience/lion/infrastructure/aws"",""visibility"":""private"",""default_branch"":""main"",""star_count"":0,""forks_count"":0}","https://gitlab.com/atlas-datascience/lion/infrastructure/aws/aws-account-creation","2025-06-25T14:39:44.589Z","2025-06-25T14:39:44.589Z","","project,gitlab,infrastructure/aws/aws-account-creation",""
"project","project_70969426","pipeline templates-deletion_scheduled-70969426","atlas-datascience/lion/infrastructure/pipeline-templates-deletion_scheduled-70969426","","Project: pipeline templates-deletion_scheduled-70969426\nPath: atlas-datascience/lion/infrastructure/pipeline-templates-deletion_scheduled-70969426\nDescription: \nURL: https://gitlab.com/atlas-datascience/lion/infrastructure/pipeline-templates-deletion_scheduled-70969426","{""id"":70969426,""name"":""pipeline templates-deletion_scheduled-70969426"",""path"":""atlas-datascience/lion/infrastructure/pipeline-templates-deletion_scheduled-70969426"",""namespace"":""atlas-datascience/lion/infrastructure"",""visibility"":""private"",""default_branch"":""main"",""star_count"":0,""forks_count"":0}","https://gitlab.com/atlas-datascience/lion/infrastructure/pipeline-templates-deletion_scheduled-70969426","2025-06-19T13:49:36.121Z","2025-06-19T13:49:36.121Z","","project,gitlab,infrastructure/pipeline-templates-deletion_scheduled-70969426",""
"project","project_70868426","test project","atlas-datascience/lion/test-project","","Project: test project\nPath: atlas-datascience/lion/test-project\nDescription: \nURL: https://gitlab.com/atlas-datascience/lion/test-project","{""id"":70868426,""name"":""test project"",""path"":""atlas-datascience/lion/test-project"",""namespace"":""atlas-datascience/lion"",""visibility"":""private"",""default_branch"":""main"",""star_count"":0,""forks_count"":0}","https://gitlab.com/atlas-datascience/lion/test-project","2025-06-16T13:11:00.901Z","2025-06-16T13:11:00.901Z","","project,gitlab,test-project",""
"project","project_70663322","ingestion‑gateway","atlas-datascience/lion/project-lion/data-ingestion-enrichment/ingestion-gateway","This function is intended to take events posted from the Edge Connector, validate them and push them into a Kinesis data steam.","Project: ingestion‑gateway\nPath: atlas-datascience/lion/project-lion/data-ingestion-enrichment/ingestion-gateway\nDescription: This function is intended to take events posted from the Edge Connector, validate them and push them into a Kinesis data steam.\nURL: https://gitlab.com/atlas-datascience/lion/project-lion/data-ingestion-enrichment/ingestion-gateway","{""id"":70663322,""name"":""ingestion‑gateway"",""path"":""atlas-datascience/lion/project-lion/data-ingestion-enrichment/ingestion-gateway"",""namespace"":""atlas-datascience/lion/project-lion/data-ingestion-enrichment"",""visibility"":""private"",""default_branch"":""main"",""star_count"":0,""forks_count"":0}","https://gitlab.com/atlas-datascience/lion/project-lion/data-ingestion-enrichment/ingestion-gateway","2025-06-09T15:32:23.909Z","2025-06-09T15:32:23.909Z","","project,gitlab,project-lion/data-ingestion-enrichment/ingestion-gateway",""
"project","project_70663067","edge‑connector","atlas-datascience/lion/project-lion/edge-connectors/edge-connector","","Project: edge‑connector\nPath: atlas-datascience/lion/project-lion/edge-connectors/edge-connector\nDescription: \nURL: https://gitlab.com/atlas-datascience/lion/project-lion/edge-connectors/edge-connector","{""id"":70663067,""name"":""edge‑connector"",""path"":""atlas-datascience/lion/project-lion/edge-connectors/edge-connector"",""namespace"":""atlas-datascience/lion/project-lion/edge-connectors"",""visibility"":""private"",""default_branch"":""main"",""star_count"":0,""forks_count"":0}","https://gitlab.com/atlas-datascience/lion/project-lion/edge-connectors/edge-connector","2025-06-09T15:30:50.401Z","2025-06-09T15:30:50.401Z","","project,gitlab,project-lion/edge-connectors/edge-connector",""
"project","project_70655583","gitlab runner manager","atlas-datascience/lion/infrastructure/gitlab-runner-manager-templates","","Project: gitlab runner manager\nPath: atlas-datascience/lion/infrastructure/gitlab-runner-manager-templates\nDescription: \nURL: https://gitlab.com/atlas-datascience/lion/infrastructure/gitlab-runner-manager-templates","{""id"":70655583,""name"":""gitlab runner manager"",""path"":""atlas-datascience/lion/infrastructure/gitlab-runner-manager-templates"",""namespace"":""atlas-datascience/lion/infrastructure"",""visibility"":""private"",""default_branch"":""main"",""star_count"":0,""forks_count"":0}","https://gitlab.com/atlas-datascience/lion/infrastructure/gitlab-runner-manager-templates","2025-06-09T11:42:54.547Z","2025-06-09T11:42:54.547Z","","project,gitlab,infrastructure/gitlab-runner-manager-templates",""
"project","project_70542589","Example Datasets","atlas-datascience/lion/example-datasets","","Project: Example Datasets\nPath: atlas-datascience/lion/example-datasets\nDescription: \nURL: https://gitlab.com/atlas-datascience/lion/example-datasets","{""id"":70542589,""name"":""Example Datasets"",""path"":""atlas-datascience/lion/example-datasets"",""namespace"":""atlas-datascience/lion"",""visibility"":""private"",""default_branch"":""main"",""star_count"":0,""forks_count"":0}","https://gitlab.com/atlas-datascience/lion/example-datasets","2025-06-05T18:48:16.488Z","2025-06-05T18:48:16.488Z","","project,gitlab,example-datasets",""
"wiki_page","wiki_70542589_Child-entry","Child entry","atlas-datascience/lion/example-datasets/wiki/Child-entry","Child entry ","Wiki Page: Child entry\nProject: Example Datasets (atlas-datascience/lion/example-datasets)\nContent:\nChild entry ","{
  ""project_id"": ""70542589"",
  ""project_path"": ""atlas-datascience/lion/example-datasets"",
  ""slug"": ""Child-entry"",
  ""format"": ""markdown""
}","https://gitlab.com/atlas-datascience/lion/example-datasets/-/wikis/Child-entry","2025-06-05T18:48:16.488Z","2025-06-05T18:48:16.488Z","","wiki,documentation,markdown,example-datasets","project_70542589"
"wiki_page","wiki_70542589_Datasets-Wiki","Datasets Wiki","atlas-datascience/lion/example-datasets/wiki/Datasets-Wiki","General discussion ","Wiki Page: Datasets Wiki\nProject: Example Datasets (atlas-datascience/lion/example-datasets)\nContent:\nGeneral discussion ","{
  ""project_id"": ""70542589"",
  ""project_path"": ""atlas-datascience/lion/example-datasets"",
  ""slug"": ""Datasets-Wiki"",
  ""format"": ""markdown""
}","https://gitlab.com/atlas-datascience/lion/example-datasets/-/wikis/Datasets-Wiki","2025-06-05T18:48:16.488Z","2025-06-05T18:48:16.488Z","","wiki,documentation,markdown,example-datasets","project_70542589"
"wiki_page","wiki_70542589_home","home","atlas-datascience/lion/example-datasets/wiki/home","Home ","Wiki Page: home\nProject: Example Datasets (atlas-datascience/lion/example-datasets)\nContent:\nHome ","{
  ""project_id"": ""70542589"",
  ""project_path"": ""atlas-datascience/lion/example-datasets"",
  ""slug"": ""home"",
  ""format"": ""markdown""
}","https://gitlab.com/atlas-datascience/lion/example-datasets/-/wikis/home","2025-06-05T18:48:16.488Z","2025-06-05T18:48:16.488Z","","wiki,documentation,markdown,example-datasets","project_70542589"
"project","project_70509031","Local Environment","atlas-datascience/lion/local-environment","","Project: Local Environment\nPath: atlas-datascience/lion/local-environment\nDescription: \nURL: https://gitlab.com/atlas-datascience/lion/local-environment","{""id"":70509031,""name"":""Local Environment"",""path"":""atlas-datascience/lion/local-environment"",""namespace"":""atlas-datascience/lion"",""visibility"":""private"",""default_branch"":""main"",""star_count"":0,""forks_count"":0}","https://gitlab.com/atlas-datascience/lion/local-environment","2025-06-05T01:41:18.125Z","2025-06-05T01:41:18.125Z","","project,gitlab,local-environment",""
"project","project_70491520","dvlp resources","atlas-datascience/lion/infrastructure/aws/dvlp-resources","","Project: dvlp resources\nPath: atlas-datascience/lion/infrastructure/aws/dvlp-resources\nDescription: \nURL: https://gitlab.com/atlas-datascience/lion/infrastructure/aws/dvlp-resources","{""id"":70491520,""name"":""dvlp resources"",""path"":""atlas-datascience/lion/infrastructure/aws/dvlp-resources"",""namespace"":""atlas-datascience/lion/infrastructure/aws"",""visibility"":""private"",""default_branch"":""main"",""star_count"":0,""forks_count"":0}","https://gitlab.com/atlas-datascience/lion/infrastructure/aws/dvlp-resources","2025-06-04T14:41:06.922Z","2025-06-04T14:41:06.922Z","","project,gitlab,infrastructure/aws/dvlp-resources",""
"project","project_70447540","access manager","atlas-datascience/lion/infrastructure/aws/access-manager","","Project: access manager\nPath: atlas-datascience/lion/infrastructure/aws/access-manager\nDescription: \nURL: https://gitlab.com/atlas-datascience/lion/infrastructure/aws/access-manager","{""id"":70447540,""name"":""access manager"",""path"":""atlas-datascience/lion/infrastructure/aws/access-manager"",""namespace"":""atlas-datascience/lion/infrastructure/aws"",""visibility"":""private"",""default_branch"":""main"",""star_count"":0,""forks_count"":0}","https://gitlab.com/atlas-datascience/lion/infrastructure/aws/access-manager","2025-06-03T11:16:12.969Z","2025-06-03T11:16:12.969Z","","project,gitlab,infrastructure/aws/access-manager",""
"project","project_70327606","datasets","atlas-datascience/lion/predecessor/core/catalog/datasets","","Project: datasets\nPath: atlas-datascience/lion/predecessor/core/catalog/datasets\nDescription: \nURL: https://gitlab.com/atlas-datascience/lion/predecessor/core/catalog/datasets","{""id"":70327606,""name"":""datasets"",""path"":""atlas-datascience/lion/predecessor/core/catalog/datasets"",""namespace"":""atlas-datascience/lion/predecessor/core/catalog"",""visibility"":""private"",""default_branch"":""main"",""star_count"":0,""forks_count"":0}","https://gitlab.com/atlas-datascience/lion/predecessor/core/catalog/datasets","2025-05-29T17:07:44.713Z","2025-05-29T17:07:44.713Z","","project,gitlab,predecessor/core/catalog/datasets",""
"project","project_69912988","utility","atlas-datascience/lion/cicd/catalog/utility","","Project: utility\nPath: atlas-datascience/lion/cicd/catalog/utility\nDescription: \nURL: https://gitlab.com/atlas-datascience/lion/cicd/catalog/utility","{""id"":69912988,""name"":""utility"",""path"":""atlas-datascience/lion/cicd/catalog/utility"",""namespace"":""atlas-datascience/lion/cicd/catalog"",""visibility"":""private"",""default_branch"":""main"",""star_count"":0,""forks_count"":0}","https://gitlab.com/atlas-datascience/lion/cicd/catalog/utility","2025-05-16T15:13:30.458Z","2025-05-16T15:13:30.458Z","","project,gitlab,cicd/catalog/utility",""
"project","project_69667755","container-tools","atlas-datascience/lion/cicd/containers/utility/container-tools","Container that provides the docker cli, container-structure-test and cosign utilities.","Project: container-tools\nPath: atlas-datascience/lion/cicd/containers/utility/container-tools\nDescription: Container that provides the docker cli, container-structure-test and cosign utilities.\nURL: https://gitlab.com/atlas-datascience/lion/cicd/containers/utility/container-tools","{""id"":69667755,""name"":""container-tools"",""path"":""atlas-datascience/lion/cicd/containers/utility/container-tools"",""namespace"":""atlas-datascience/lion/cicd/containers/utility"",""visibility"":""private"",""default_branch"":""main"",""star_count"":0,""forks_count"":0}","https://gitlab.com/atlas-datascience/lion/cicd/containers/utility/container-tools","2025-05-08T01:41:47.501Z","2025-05-08T01:41:47.501Z","","project,gitlab,cicd/containers/utility/container-tools",""
"project","project_69659122","containers","atlas-datascience/lion/cicd/catalog/containers","","Project: containers\nPath: atlas-datascience/lion/cicd/catalog/containers\nDescription: \nURL: https://gitlab.com/atlas-datascience/lion/cicd/catalog/containers","{""id"":69659122,""name"":""containers"",""path"":""atlas-datascience/lion/cicd/catalog/containers"",""namespace"":""atlas-datascience/lion/cicd/catalog"",""visibility"":""private"",""default_branch"":""main"",""star_count"":0,""forks_count"":0}","https://gitlab.com/atlas-datascience/lion/cicd/catalog/containers","2025-05-07T18:23:00.588Z","2025-05-07T18:23:00.588Z","","project,gitlab,cicd/catalog/containers",""
"project","project_67882748","infra-db","atlas-datascience/lion/predecessor/core/catalog/db-schemas/infra-db","","Project: infra-db\nPath: atlas-datascience/lion/predecessor/core/catalog/db-schemas/infra-db\nDescription: \nURL: https://gitlab.com/atlas-datascience/lion/predecessor/core/catalog/db-schemas/infra-db","{""id"":67882748,""name"":""infra-db"",""path"":""atlas-datascience/lion/predecessor/core/catalog/db-schemas/infra-db"",""namespace"":""atlas-datascience/lion/predecessor/core/catalog/db-schemas"",""visibility"":""private"",""default_branch"":""main"",""star_count"":0,""forks_count"":0}","https://gitlab.com/atlas-datascience/lion/predecessor/core/catalog/db-schemas/infra-db","2025-03-10T19:38:17.662Z","2025-03-10T19:38:17.662Z","","project,gitlab,predecessor/core/catalog/db-schemas/infra-db",""
"project","project_67882565","fgdrt","atlas-datascience/lion/predecessor/core/catalog/db-schemas/fgdrt","","Project: fgdrt\nPath: atlas-datascience/lion/predecessor/core/catalog/db-schemas/fgdrt\nDescription: \nURL: https://gitlab.com/atlas-datascience/lion/predecessor/core/catalog/db-schemas/fgdrt","{""id"":67882565,""name"":""fgdrt"",""path"":""atlas-datascience/lion/predecessor/core/catalog/db-schemas/fgdrt"",""namespace"":""atlas-datascience/lion/predecessor/core/catalog/db-schemas"",""visibility"":""private"",""default_branch"":""main"",""star_count"":0,""forks_count"":0}","https://gitlab.com/atlas-datascience/lion/predecessor/core/catalog/db-schemas/fgdrt","2025-03-10T19:30:52.592Z","2025-03-10T19:30:52.592Z","","project,gitlab,predecessor/core/catalog/db-schemas/fgdrt",""
"project","project_67882555","c3po","atlas-datascience/lion/predecessor/core/catalog/db-schemas/c3po","","Project: c3po\nPath: atlas-datascience/lion/predecessor/core/catalog/db-schemas/c3po\nDescription: \nURL: https://gitlab.com/atlas-datascience/lion/predecessor/core/catalog/db-schemas/c3po","{""id"":67882555,""name"":""c3po"",""path"":""atlas-datascience/lion/predecessor/core/catalog/db-schemas/c3po"",""namespace"":""atlas-datascience/lion/predecessor/core/catalog/db-schemas"",""visibility"":""private"",""default_branch"":""main"",""star_count"":0,""forks_count"":0}","https://gitlab.com/atlas-datascience/lion/predecessor/core/catalog/db-schemas/c3po","2025-03-10T19:30:37.290Z","2025-03-10T19:30:37.290Z","","project,gitlab,predecessor/core/catalog/db-schemas/c3po",""
"project","project_67573033","lion","atlas-datascience/lion/predecessor/core/catalog/apis/lion","","Project: lion\nPath: atlas-datascience/lion/predecessor/core/catalog/apis/lion\nDescription: \nURL: https://gitlab.com/atlas-datascience/lion/predecessor/core/catalog/apis/lion","{""id"":67573033,""name"":""lion"",""path"":""atlas-datascience/lion/predecessor/core/catalog/apis/lion"",""namespace"":""atlas-datascience/lion/predecessor/core/catalog/apis"",""visibility"":""private"",""default_branch"":""main"",""star_count"":0,""forks_count"":0}","https://gitlab.com/atlas-datascience/lion/predecessor/core/catalog/apis/lion","2025-02-28T17:26:53.198Z","2025-02-28T17:26:53.198Z","","project,gitlab,predecessor/core/catalog/apis/lion",""
"project","project_67572896","auth-cache","atlas-datascience/lion/predecessor/core/infrastructure/idam/auth-cache","","Project: auth-cache\nPath: atlas-datascience/lion/predecessor/core/infrastructure/idam/auth-cache\nDescription: \nURL: https://gitlab.com/atlas-datascience/lion/predecessor/core/infrastructure/idam/auth-cache","{""id"":67572896,""name"":""auth-cache"",""path"":""atlas-datascience/lion/predecessor/core/infrastructure/idam/auth-cache"",""namespace"":""atlas-datascience/lion/predecessor/core/infrastructure/idam"",""visibility"":""private"",""default_branch"":""main"",""star_count"":0,""forks_count"":0}","https://gitlab.com/atlas-datascience/lion/predecessor/core/infrastructure/idam/auth-cache","2025-02-28T17:20:14.521Z","2025-02-28T17:20:14.521Z","","project,gitlab,predecessor/core/infrastructure/idam/auth-cache",""
"project","project_67572888","auth-proxy","atlas-datascience/lion/predecessor/core/infrastructure/idam/auth-proxy","","Project: auth-proxy\nPath: atlas-datascience/lion/predecessor/core/infrastructure/idam/auth-proxy\nDescription: \nURL: https://gitlab.com/atlas-datascience/lion/predecessor/core/infrastructure/idam/auth-proxy","{""id"":67572888,""name"":""auth-proxy"",""path"":""atlas-datascience/lion/predecessor/core/infrastructure/idam/auth-proxy"",""namespace"":""atlas-datascience/lion/predecessor/core/infrastructure/idam"",""visibility"":""private"",""default_branch"":""main"",""star_count"":0,""forks_count"":0}","https://gitlab.com/atlas-datascience/lion/predecessor/core/infrastructure/idam/auth-proxy","2025-02-28T17:19:59.095Z","2025-02-28T17:19:59.095Z","","project,gitlab,predecessor/core/infrastructure/idam/auth-proxy",""
"project","project_67572875","dirty-bucket-ingest-listener","atlas-datascience/lion/predecessor/core/data-in/dirty-bucket/dirty-bucket-ingest-listener","","Project: dirty-bucket-ingest-listener\nPath: atlas-datascience/lion/predecessor/core/data-in/dirty-bucket/dirty-bucket-ingest-listener\nDescription: \nURL: https://gitlab.com/atlas-datascience/lion/predecessor/core/data-in/dirty-bucket/dirty-bucket-ingest-listener","{""id"":67572875,""name"":""dirty-bucket-ingest-listener"",""path"":""atlas-datascience/lion/predecessor/core/data-in/dirty-bucket/dirty-bucket-ingest-listener"",""namespace"":""atlas-datascience/lion/predecessor/core/data-in/dirty-bucket"",""visibility"":""private"",""default_branch"":""main"",""star_count"":0,""forks_count"":0}","https://gitlab.com/atlas-datascience/lion/predecessor/core/data-in/dirty-bucket/dirty-bucket-ingest-listener","2025-02-28T17:19:17.059Z","2025-02-28T17:19:17.059Z","","project,gitlab,predecessor/core/data-in/dirty-bucket/dirty-bucket-ingest-listener",""
"project","project_67572866","virus-definition-updater","atlas-datascience/lion/predecessor/core/data-in/dirty-bucket/virus-definition-updater","","Project: virus-definition-updater\nPath: atlas-datascience/lion/predecessor/core/data-in/dirty-bucket/virus-definition-updater\nDescription: \nURL: https://gitlab.com/atlas-datascience/lion/predecessor/core/data-in/dirty-bucket/virus-definition-updater","{""id"":67572866,""name"":""virus-definition-updater"",""path"":""atlas-datascience/lion/predecessor/core/data-in/dirty-bucket/virus-definition-updater"",""namespace"":""atlas-datascience/lion/predecessor/core/data-in/dirty-bucket"",""visibility"":""private"",""default_branch"":""main"",""star_count"":0,""forks_count"":0}","https://gitlab.com/atlas-datascience/lion/predecessor/core/data-in/dirty-bucket/virus-definition-updater","2025-02-28T17:18:55.262Z","2025-02-28T17:18:55.262Z","","project,gitlab,predecessor/core/data-in/dirty-bucket/virus-definition-updater",""
"project","project_67572860","dirty-bucket-redis-config-change-listener","atlas-datascience/lion/predecessor/core/data-in/dirty-bucket/dirty-bucket-redis-config-change-listener","","Project: dirty-bucket-redis-config-change-listener\nPath: atlas-datascience/lion/predecessor/core/data-in/dirty-bucket/dirty-bucket-redis-config-change-listener\nDescription: \nURL: https://gitlab.com/atlas-datascience/lion/predecessor/core/data-in/dirty-bucket/dirty-bucket-redis-config-change-listener","{""id"":67572860,""name"":""dirty-bucket-redis-config-change-listener"",""path"":""atlas-datascience/lion/predecessor/core/data-in/dirty-bucket/dirty-bucket-redis-config-change-listener"",""namespace"":""atlas-datascience/lion/predecessor/core/data-in/dirty-bucket"",""visibility"":""private"",""default_branch"":""main"",""star_count"":0,""forks_count"":0}","https://gitlab.com/atlas-datascience/lion/predecessor/core/data-in/dirty-bucket/dirty-bucket-redis-config-change-listener","2025-02-28T17:18:32.500Z","2025-02-28T17:18:32.500Z","","project,gitlab,predecessor/core/data-in/dirty-bucket/dirty-bucket-redis-config-change-listener",""
"project","project_67572849","enterprise-secure-ingest-distributor","atlas-datascience/lion/predecessor/core/data-in/dirty-bucket/enterprise-secure-ingest-distributor","","Project: enterprise-secure-ingest-distributor\nPath: atlas-datascience/lion/predecessor/core/data-in/dirty-bucket/enterprise-secure-ingest-distributor\nDescription: \nURL: https://gitlab.com/atlas-datascience/lion/predecessor/core/data-in/dirty-bucket/enterprise-secure-ingest-distributor","{""id"":67572849,""name"":""enterprise-secure-ingest-distributor"",""path"":""atlas-datascience/lion/predecessor/core/data-in/dirty-bucket/enterprise-secure-ingest-distributor"",""namespace"":""atlas-datascience/lion/predecessor/core/data-in/dirty-bucket"",""visibility"":""private"",""default_branch"":""main"",""star_count"":0,""forks_count"":0}","https://gitlab.com/atlas-datascience/lion/predecessor/core/data-in/dirty-bucket/enterprise-secure-ingest-distributor","2025-02-28T17:18:01.061Z","2025-02-28T17:18:01.061Z","","project,gitlab,predecessor/core/data-in/dirty-bucket/enterprise-secure-ingest-distributor",""
"project","project_67572838","enterprise-secure-ingest-distributor-instructions","atlas-datascience/lion/predecessor/core/data-in/dirty-bucket/enterprise-secure-ingest-distributor-instructions","","Project: enterprise-secure-ingest-distributor-instructions\nPath: atlas-datascience/lion/predecessor/core/data-in/dirty-bucket/enterprise-secure-ingest-distributor-instructions\nDescription: \nURL: https://gitlab.com/atlas-datascience/lion/predecessor/core/data-in/dirty-bucket/enterprise-secure-ingest-distributor-instructions","{""id"":67572838,""name"":""enterprise-secure-ingest-distributor-instructions"",""path"":""atlas-datascience/lion/predecessor/core/data-in/dirty-bucket/enterprise-secure-ingest-distributor-instructions"",""namespace"":""atlas-datascience/lion/predecessor/core/data-in/dirty-bucket"",""visibility"":""private"",""default_branch"":""main"",""star_count"":0,""forks_count"":0}","https://gitlab.com/atlas-datascience/lion/predecessor/core/data-in/dirty-bucket/enterprise-secure-ingest-distributor-instructions","2025-02-28T17:17:35.069Z","2025-02-28T17:17:35.069Z","","project,gitlab,predecessor/core/data-in/dirty-bucket/enterprise-secure-ingest-distributor-instructions",""
"project","project_67572826","enterprise-secure-ingest-processor","atlas-datascience/lion/predecessor/core/data-in/dirty-bucket/enterprise-secure-ingest-processor","","Project: enterprise-secure-ingest-processor\nPath: atlas-datascience/lion/predecessor/core/data-in/dirty-bucket/enterprise-secure-ingest-processor\nDescription: \nURL: https://gitlab.com/atlas-datascience/lion/predecessor/core/data-in/dirty-bucket/enterprise-secure-ingest-processor","{""id"":67572826,""name"":""enterprise-secure-ingest-processor"",""path"":""atlas-datascience/lion/predecessor/core/data-in/dirty-bucket/enterprise-secure-ingest-processor"",""namespace"":""atlas-datascience/lion/predecessor/core/data-in/dirty-bucket"",""visibility"":""private"",""default_branch"":""main"",""star_count"":0,""forks_count"":0}","https://gitlab.com/atlas-datascience/lion/predecessor/core/data-in/dirty-bucket/enterprise-secure-ingest-processor","2025-02-28T17:17:08.317Z","2025-02-28T17:17:08.317Z","","project,gitlab,predecessor/core/data-in/dirty-bucket/enterprise-secure-ingest-processor",""
"project","project_67572814","data-sync","atlas-datascience/lion/predecessor/core/data-in/automated-data-retrieval/data-sync","","Project: data-sync\nPath: atlas-datascience/lion/predecessor/core/data-in/automated-data-retrieval/data-sync\nDescription: \nURL: https://gitlab.com/atlas-datascience/lion/predecessor/core/data-in/automated-data-retrieval/data-sync","{""id"":67572814,""name"":""data-sync"",""path"":""atlas-datascience/lion/predecessor/core/data-in/automated-data-retrieval/data-sync"",""namespace"":""atlas-datascience/lion/predecessor/core/data-in/automated-data-retrieval"",""visibility"":""private"",""default_branch"":""main"",""star_count"":0,""forks_count"":0}","https://gitlab.com/atlas-datascience/lion/predecessor/core/data-in/automated-data-retrieval/data-sync","2025-02-28T17:16:37.003Z","2025-02-28T17:16:37.003Z","","project,gitlab,predecessor/core/data-in/automated-data-retrieval/data-sync",""
"project","project_67572805","data-retriever","atlas-datascience/lion/predecessor/core/data-in/automated-data-retrieval/data-retriever","","Project: data-retriever\nPath: atlas-datascience/lion/predecessor/core/data-in/automated-data-retrieval/data-retriever\nDescription: \nURL: https://gitlab.com/atlas-datascience/lion/predecessor/core/data-in/automated-data-retrieval/data-retriever","{""id"":67572805,""name"":""data-retriever"",""path"":""atlas-datascience/lion/predecessor/core/data-in/automated-data-retrieval/data-retriever"",""namespace"":""atlas-datascience/lion/predecessor/core/data-in/automated-data-retrieval"",""visibility"":""private"",""default_branch"":""main"",""star_count"":0,""forks_count"":0}","https://gitlab.com/atlas-datascience/lion/predecessor/core/data-in/automated-data-retrieval/data-retriever","2025-02-28T17:16:22.321Z","2025-02-28T17:16:22.321Z","","project,gitlab,predecessor/core/data-in/automated-data-retrieval/data-retriever",""
"project","project_67572735","digital-delivery-connect","atlas-datascience/lion/predecessor/core/data-in/delivery-tracking/digital-delivery-connect","","Project: digital-delivery-connect\nPath: atlas-datascience/lion/predecessor/core/data-in/delivery-tracking/digital-delivery-connect\nDescription: \nURL: https://gitlab.com/atlas-datascience/lion/predecessor/core/data-in/delivery-tracking/digital-delivery-connect","{""id"":67572735,""name"":""digital-delivery-connect"",""path"":""atlas-datascience/lion/predecessor/core/data-in/delivery-tracking/digital-delivery-connect"",""namespace"":""atlas-datascience/lion/predecessor/core/data-in/delivery-tracking"",""visibility"":""private"",""default_branch"":""main"",""star_count"":0,""forks_count"":0}","https://gitlab.com/atlas-datascience/lion/predecessor/core/data-in/delivery-tracking/digital-delivery-connect","2025-02-28T17:14:04.701Z","2025-02-28T17:14:04.701Z","","project,gitlab,predecessor/core/data-in/delivery-tracking/digital-delivery-connect",""
"project","project_67572714","data-uploader-ui","atlas-datascience/lion/predecessor/core/data-in/delivery-tracking/data-uploader-ui","","Project: data-uploader-ui\nPath: atlas-datascience/lion/predecessor/core/data-in/delivery-tracking/data-uploader-ui\nDescription: \nURL: https://gitlab.com/atlas-datascience/lion/predecessor/core/data-in/delivery-tracking/data-uploader-ui","{""id"":67572714,""name"":""data-uploader-ui"",""path"":""atlas-datascience/lion/predecessor/core/data-in/delivery-tracking/data-uploader-ui"",""namespace"":""atlas-datascience/lion/predecessor/core/data-in/delivery-tracking"",""visibility"":""private"",""default_branch"":""main"",""star_count"":0,""forks_count"":0}","https://gitlab.com/atlas-datascience/lion/predecessor/core/data-in/delivery-tracking/data-uploader-ui","2025-02-28T17:13:37.713Z","2025-02-28T17:13:37.713Z","","project,gitlab,predecessor/core/data-in/delivery-tracking/data-uploader-ui",""
"project","project_67572686","digital-delivery-manifest","atlas-datascience/lion/predecessor/core/data-in/delivery-tracking/digital-delivery-manifest","","Project: digital-delivery-manifest\nPath: atlas-datascience/lion/predecessor/core/data-in/delivery-tracking/digital-delivery-manifest\nDescription: \nURL: https://gitlab.com/atlas-datascience/lion/predecessor/core/data-in/delivery-tracking/digital-delivery-manifest","{""id"":67572686,""name"":""digital-delivery-manifest"",""path"":""atlas-datascience/lion/predecessor/core/data-in/delivery-tracking/digital-delivery-manifest"",""namespace"":""atlas-datascience/lion/predecessor/core/data-in/delivery-tracking"",""visibility"":""private"",""default_branch"":""main"",""star_count"":0,""forks_count"":0}","https://gitlab.com/atlas-datascience/lion/predecessor/core/data-in/delivery-tracking/digital-delivery-manifest","2025-02-28T17:13:06.822Z","2025-02-28T17:13:06.822Z","","project,gitlab,predecessor/core/data-in/delivery-tracking/digital-delivery-manifest",""
"project","project_67572663","digital-delivery-upload","atlas-datascience/lion/predecessor/core/data-in/delivery-tracking/digital-delivery-upload","","Project: digital-delivery-upload\nPath: atlas-datascience/lion/predecessor/core/data-in/delivery-tracking/digital-delivery-upload\nDescription: \nURL: https://gitlab.com/atlas-datascience/lion/predecessor/core/data-in/delivery-tracking/digital-delivery-upload","{""id"":67572663,""name"":""digital-delivery-upload"",""path"":""atlas-datascience/lion/predecessor/core/data-in/delivery-tracking/digital-delivery-upload"",""namespace"":""atlas-datascience/lion/predecessor/core/data-in/delivery-tracking"",""visibility"":""private"",""default_branch"":""main"",""star_count"":0,""forks_count"":0}","https://gitlab.com/atlas-datascience/lion/predecessor/core/data-in/delivery-tracking/digital-delivery-upload","2025-02-28T17:12:35.371Z","2025-02-28T17:12:35.371Z","","project,gitlab,predecessor/core/data-in/delivery-tracking/digital-delivery-upload",""
"project","project_67572649","digital-delivery-checksum","atlas-datascience/lion/predecessor/core/data-in/delivery-tracking/digital-delivery-checksum","","Project: digital-delivery-checksum\nPath: atlas-datascience/lion/predecessor/core/data-in/delivery-tracking/digital-delivery-checksum\nDescription: \nURL: https://gitlab.com/atlas-datascience/lion/predecessor/core/data-in/delivery-tracking/digital-delivery-checksum","{""id"":67572649,""name"":""digital-delivery-checksum"",""path"":""atlas-datascience/lion/predecessor/core/data-in/delivery-tracking/digital-delivery-checksum"",""namespace"":""atlas-datascience/lion/predecessor/core/data-in/delivery-tracking"",""visibility"":""private"",""default_branch"":""main"",""star_count"":0,""forks_count"":0}","https://gitlab.com/atlas-datascience/lion/predecessor/core/data-in/delivery-tracking/digital-delivery-checksum","2025-02-28T17:12:12.911Z","2025-02-28T17:12:12.911Z","","project,gitlab,predecessor/core/data-in/delivery-tracking/digital-delivery-checksum",""
"project","project_67572641","digital-delivery-validator","atlas-datascience/lion/predecessor/core/data-in/delivery-tracking/digital-delivery-validator","","Project: digital-delivery-validator\nPath: atlas-datascience/lion/predecessor/core/data-in/delivery-tracking/digital-delivery-validator\nDescription: \nURL: https://gitlab.com/atlas-datascience/lion/predecessor/core/data-in/delivery-tracking/digital-delivery-validator","{""id"":67572641,""name"":""digital-delivery-validator"",""path"":""atlas-datascience/lion/predecessor/core/data-in/delivery-tracking/digital-delivery-validator"",""namespace"":""atlas-datascience/lion/predecessor/core/data-in/delivery-tracking"",""visibility"":""private"",""default_branch"":""main"",""star_count"":0,""forks_count"":0}","https://gitlab.com/atlas-datascience/lion/predecessor/core/data-in/delivery-tracking/digital-delivery-validator","2025-02-28T17:11:51.140Z","2025-02-28T17:11:51.140Z","","project,gitlab,predecessor/core/data-in/delivery-tracking/digital-delivery-validator",""
"project","project_67568313","cib-processor","atlas-datascience/lion/predecessor/core/data-in/extract-transform-load/product-enhancement/processors/cib-processor","","Project: cib-processor\nPath: atlas-datascience/lion/predecessor/core/data-in/extract-transform-load/product-enhancement/processors/cib-processor\nDescription: \nURL: https://gitlab.com/atlas-datascience/lion/predecessor/core/data-in/extract-transform-load/product-enhancement/processors/cib-processor","{""id"":67568313,""name"":""cib-processor"",""path"":""atlas-datascience/lion/predecessor/core/data-in/extract-transform-load/product-enhancement/processors/cib-processor"",""namespace"":""atlas-datascience/lion/predecessor/core/data-in/extract-transform-load/product-enhancement/processors"",""visibility"":""private"",""default_branch"":""main"",""star_count"":0,""forks_count"":0}","https://gitlab.com/atlas-datascience/lion/predecessor/core/data-in/extract-transform-load/product-enhancement/processors/cib-processor","2025-02-28T14:38:12.527Z","2025-02-28T14:38:12.527Z","","project,gitlab,predecessor/core/data-in/extract-transform-load/product-enhancement/processors/cib-processor",""
"project","project_67568298","fbg-processor","atlas-datascience/lion/predecessor/core/data-in/extract-transform-load/product-enhancement/processors/fbg-processor","","Project: fbg-processor\nPath: atlas-datascience/lion/predecessor/core/data-in/extract-transform-load/product-enhancement/processors/fbg-processor\nDescription: \nURL: https://gitlab.com/atlas-datascience/lion/predecessor/core/data-in/extract-transform-load/product-enhancement/processors/fbg-processor","{""id"":67568298,""name"":""fbg-processor"",""path"":""atlas-datascience/lion/predecessor/core/data-in/extract-transform-load/product-enhancement/processors/fbg-processor"",""namespace"":""atlas-datascience/lion/predecessor/core/data-in/extract-transform-load/product-enhancement/processors"",""visibility"":""private"",""default_branch"":""main"",""star_count"":0,""forks_count"":0}","https://gitlab.com/atlas-datascience/lion/predecessor/core/data-in/extract-transform-load/product-enhancement/processors/fbg-processor","2025-02-28T14:37:49.633Z","2025-02-28T14:37:49.633Z","","project,gitlab,predecessor/core/data-in/extract-transform-load/product-enhancement/processors/fbg-processor",""
"project","project_67568281","pod-processor","atlas-datascience/lion/predecessor/core/data-in/extract-transform-load/product-enhancement/processors/pod-processor","","Project: pod-processor\nPath: atlas-datascience/lion/predecessor/core/data-in/extract-transform-load/product-enhancement/processors/pod-processor\nDescription: \nURL: https://gitlab.com/atlas-datascience/lion/predecessor/core/data-in/extract-transform-load/product-enhancement/processors/pod-processor","{""id"":67568281,""name"":""pod-processor"",""path"":""atlas-datascience/lion/predecessor/core/data-in/extract-transform-load/product-enhancement/processors/pod-processor"",""namespace"":""atlas-datascience/lion/predecessor/core/data-in/extract-transform-load/product-enhancement/processors"",""visibility"":""private"",""default_branch"":""main"",""star_count"":0,""forks_count"":0}","https://gitlab.com/atlas-datascience/lion/predecessor/core/data-in/extract-transform-load/product-enhancement/processors/pod-processor","2025-02-28T14:37:28.510Z","2025-02-28T14:37:28.510Z","","project,gitlab,predecessor/core/data-in/extract-transform-load/product-enhancement/processors/pod-processor",""
"project","project_67568220","atoc-product-conditioning","atlas-datascience/lion/predecessor/core/data-in/extract-transform-load/product-enhancement/conditioners/atoc-product-conditioning","","Project: atoc-product-conditioning\nPath: atlas-datascience/lion/predecessor/core/data-in/extract-transform-load/product-enhancement/conditioners/atoc-product-conditioning\nDescription: \nURL: https://gitlab.com/atlas-datascience/lion/predecessor/core/data-in/extract-transform-load/product-enhancement/conditioners/atoc-product-conditioning","{""id"":67568220,""name"":""atoc-product-conditioning"",""path"":""atlas-datascience/lion/predecessor/core/data-in/extract-transform-load/product-enhancement/conditioners/atoc-product-conditioning"",""namespace"":""atlas-datascience/lion/predecessor/core/data-in/extract-transform-load/product-enhancement/conditioners"",""visibility"":""private"",""default_branch"":""main"",""star_count"":0,""forks_count"":0}","https://gitlab.com/atlas-datascience/lion/predecessor/core/data-in/extract-transform-load/product-enhancement/conditioners/atoc-product-conditioning","2025-02-28T14:35:55.776Z","2025-02-28T14:35:55.776Z","","project,gitlab,predecessor/core/data-in/extract-transform-load/product-enhancement/conditioners/atoc-product-conditioning",""
"project","project_67568183","xml-product-conditioning","atlas-datascience/lion/predecessor/core/data-in/extract-transform-load/product-enhancement/conditioners/xml-product-conditioning","","Project: xml-product-conditioning\nPath: atlas-datascience/lion/predecessor/core/data-in/extract-transform-load/product-enhancement/conditioners/xml-product-conditioning\nDescription: \nURL: https://gitlab.com/atlas-datascience/lion/predecessor/core/data-in/extract-transform-load/product-enhancement/conditioners/xml-product-conditioning","{""id"":67568183,""name"":""xml-product-conditioning"",""path"":""atlas-datascience/lion/predecessor/core/data-in/extract-transform-load/product-enhancement/conditioners/xml-product-conditioning"",""namespace"":""atlas-datascience/lion/predecessor/core/data-in/extract-transform-load/product-enhancement/conditioners"",""visibility"":""private"",""default_branch"":""main"",""star_count"":0,""forks_count"":0}","https://gitlab.com/atlas-datascience/lion/predecessor/core/data-in/extract-transform-load/product-enhancement/conditioners/xml-product-conditioning","2025-02-28T14:35:07.325Z","2025-02-28T14:35:07.325Z","","project,gitlab,predecessor/core/data-in/extract-transform-load/product-enhancement/conditioners/xml-product-conditioning",""
"project","project_67568168","no-manifest-product-conditioning","atlas-datascience/lion/predecessor/core/data-in/extract-transform-load/product-enhancement/conditioners/no-manifest-product-conditioning","","Project: no-manifest-product-conditioning\nPath: atlas-datascience/lion/predecessor/core/data-in/extract-transform-load/product-enhancement/conditioners/no-manifest-product-conditioning\nDescription: \nURL: https://gitlab.com/atlas-datascience/lion/predecessor/core/data-in/extract-transform-load/product-enhancement/conditioners/no-manifest-product-conditioning","{""id"":67568168,""name"":""no-manifest-product-conditioning"",""path"":""atlas-datascience/lion/predecessor/core/data-in/extract-transform-load/product-enhancement/conditioners/no-manifest-product-conditioning"",""namespace"":""atlas-datascience/lion/predecessor/core/data-in/extract-transform-load/product-enhancement/conditioners"",""visibility"":""private"",""default_branch"":""main"",""star_count"":0,""forks_count"":0}","https://gitlab.com/atlas-datascience/lion/predecessor/core/data-in/extract-transform-load/product-enhancement/conditioners/no-manifest-product-conditioning","2025-02-28T14:34:45.915Z","2025-02-28T14:34:45.915Z","","project,gitlab,predecessor/core/data-in/extract-transform-load/product-enhancement/conditioners/no-manifest-product-conditioning",""
"project","project_67568156","dted-product-conditioning","atlas-datascience/lion/predecessor/core/data-in/extract-transform-load/product-enhancement/conditioners/dted-product-conditioning","","Project: dted-product-conditioning\nPath: atlas-datascience/lion/predecessor/core/data-in/extract-transform-load/product-enhancement/conditioners/dted-product-conditioning\nDescription: \nURL: https://gitlab.com/atlas-datascience/lion/predecessor/core/data-in/extract-transform-load/product-enhancement/conditioners/dted-product-conditioning","{""id"":67568156,""name"":""dted-product-conditioning"",""path"":""atlas-datascience/lion/predecessor/core/data-in/extract-transform-load/product-enhancement/conditioners/dted-product-conditioning"",""namespace"":""atlas-datascience/lion/predecessor/core/data-in/extract-transform-load/product-enhancement/conditioners"",""visibility"":""private"",""default_branch"":""main"",""star_count"":0,""forks_count"":0}","https://gitlab.com/atlas-datascience/lion/predecessor/core/data-in/extract-transform-load/product-enhancement/conditioners/dted-product-conditioning","2025-02-28T14:34:25.925Z","2025-02-28T14:34:25.925Z","","project,gitlab,predecessor/core/data-in/extract-transform-load/product-enhancement/conditioners/dted-product-conditioning",""
"project","project_67568143","product-conditioning-router","atlas-datascience/lion/predecessor/core/data-in/extract-transform-load/product-enhancement/product-conditioning-router","","Project: product-conditioning-router\nPath: atlas-datascience/lion/predecessor/core/data-in/extract-transform-load/product-enhancement/product-conditioning-router\nDescription: \nURL: https://gitlab.com/atlas-datascience/lion/predecessor/core/data-in/extract-transform-load/product-enhancement/product-conditioning-router","{""id"":67568143,""name"":""product-conditioning-router"",""path"":""atlas-datascience/lion/predecessor/core/data-in/extract-transform-load/product-enhancement/product-conditioning-router"",""namespace"":""atlas-datascience/lion/predecessor/core/data-in/extract-transform-load/product-enhancement"",""visibility"":""private"",""default_branch"":""main"",""star_count"":0,""forks_count"":0}","https://gitlab.com/atlas-datascience/lion/predecessor/core/data-in/extract-transform-load/product-enhancement/product-conditioning-router","2025-02-28T14:34:00.288Z","2025-02-28T14:34:00.288Z","","project,gitlab,predecessor/core/data-in/extract-transform-load/product-enhancement/product-conditioning-router",""
"project","project_67567979","ready-release","atlas-datascience/lion/predecessor/core/infrastructure/ready-release","","Project: ready-release\nPath: atlas-datascience/lion/predecessor/core/infrastructure/ready-release\nDescription: \nURL: https://gitlab.com/atlas-datascience/lion/predecessor/core/infrastructure/ready-release","{""id"":67567979,""name"":""ready-release"",""path"":""atlas-datascience/lion/predecessor/core/infrastructure/ready-release"",""namespace"":""atlas-datascience/lion/predecessor/core/infrastructure"",""visibility"":""private"",""default_branch"":""main"",""star_count"":0,""forks_count"":0}","https://gitlab.com/atlas-datascience/lion/predecessor/core/infrastructure/ready-release","2025-02-28T14:27:18.644Z","2025-02-28T14:27:18.644Z","","project,gitlab,predecessor/core/infrastructure/ready-release",""
"project","project_67567925","magic","atlas-datascience/lion/predecessor/core/catalog/apis/magic","","Project: magic\nPath: atlas-datascience/lion/predecessor/core/catalog/apis/magic\nDescription: \nURL: https://gitlab.com/atlas-datascience/lion/predecessor/core/catalog/apis/magic","{""id"":67567925,""name"":""magic"",""path"":""atlas-datascience/lion/predecessor/core/catalog/apis/magic"",""namespace"":""atlas-datascience/lion/predecessor/core/catalog/apis"",""visibility"":""private"",""default_branch"":""main"",""star_count"":0,""forks_count"":0}","https://gitlab.com/atlas-datascience/lion/predecessor/core/catalog/apis/magic","2025-02-28T14:25:06.390Z","2025-02-28T14:25:06.390Z","","project,gitlab,predecessor/core/catalog/apis/magic",""
"project","project_67545996","proxy-streamer","atlas-datascience/lion/predecessor/core/data-out/proxy-streamer","","Project: proxy-streamer\nPath: atlas-datascience/lion/predecessor/core/data-out/proxy-streamer\nDescription: \nURL: https://gitlab.com/atlas-datascience/lion/predecessor/core/data-out/proxy-streamer","{""id"":67545996,""name"":""proxy-streamer"",""path"":""atlas-datascience/lion/predecessor/core/data-out/proxy-streamer"",""namespace"":""atlas-datascience/lion/predecessor/core/data-out"",""visibility"":""private"",""default_branch"":""main"",""star_count"":0,""forks_count"":0}","https://gitlab.com/atlas-datascience/lion/predecessor/core/data-out/proxy-streamer","2025-02-27T20:23:59.932Z","2025-02-27T20:23:59.932Z","","project,gitlab,predecessor/core/data-out/proxy-streamer",""
"project","project_67545922","unbundler","atlas-datascience/lion/predecessor/core/data-in/extract-transform-load/unbundler","","Project: unbundler\nPath: atlas-datascience/lion/predecessor/core/data-in/extract-transform-load/unbundler\nDescription: \nURL: https://gitlab.com/atlas-datascience/lion/predecessor/core/data-in/extract-transform-load/unbundler","{""id"":67545922,""name"":""unbundler"",""path"":""atlas-datascience/lion/predecessor/core/data-in/extract-transform-load/unbundler"",""namespace"":""atlas-datascience/lion/predecessor/core/data-in/extract-transform-load"",""visibility"":""private"",""default_branch"":""main"",""star_count"":0,""forks_count"":0}","https://gitlab.com/atlas-datascience/lion/predecessor/core/data-in/extract-transform-load/unbundler","2025-02-27T20:20:03.235Z","2025-02-27T20:20:03.235Z","","project,gitlab,predecessor/core/data-in/extract-transform-load/unbundler",""
"project","project_67545912","product-manager","atlas-datascience/lion/predecessor/core/data-out/product-manager","","Project: product-manager\nPath: atlas-datascience/lion/predecessor/core/data-out/product-manager\nDescription: \nURL: https://gitlab.com/atlas-datascience/lion/predecessor/core/data-out/product-manager","{""id"":67545912,""name"":""product-manager"",""path"":""atlas-datascience/lion/predecessor/core/data-out/product-manager"",""namespace"":""atlas-datascience/lion/predecessor/core/data-out"",""visibility"":""private"",""default_branch"":""main"",""star_count"":0,""forks_count"":0}","https://gitlab.com/atlas-datascience/lion/predecessor/core/data-out/product-manager","2025-02-27T20:19:18.499Z","2025-02-27T20:19:18.499Z","","project,gitlab,predecessor/core/data-out/product-manager",""
"project","project_67545905","bundler","atlas-datascience/lion/predecessor/core/data-out/bundler","","Project: bundler\nPath: atlas-datascience/lion/predecessor/core/data-out/bundler\nDescription: \nURL: https://gitlab.com/atlas-datascience/lion/predecessor/core/data-out/bundler","{""id"":67545905,""name"":""bundler"",""path"":""atlas-datascience/lion/predecessor/core/data-out/bundler"",""namespace"":""atlas-datascience/lion/predecessor/core/data-out"",""visibility"":""private"",""default_branch"":""main"",""star_count"":0,""forks_count"":0}","https://gitlab.com/atlas-datascience/lion/predecessor/core/data-out/bundler","2025-02-27T20:18:44.961Z","2025-02-27T20:18:44.961Z","","project,gitlab,predecessor/core/data-out/bundler",""
"project","project_67545835","order-manager","atlas-datascience/lion/predecessor/core/data-out/order-manager","","Project: order-manager\nPath: atlas-datascience/lion/predecessor/core/data-out/order-manager\nDescription: \nURL: https://gitlab.com/atlas-datascience/lion/predecessor/core/data-out/order-manager","{""id"":67545835,""name"":""order-manager"",""path"":""atlas-datascience/lion/predecessor/core/data-out/order-manager"",""namespace"":""atlas-datascience/lion/predecessor/core/data-out"",""visibility"":""private"",""default_branch"":""main"",""star_count"":0,""forks_count"":0}","https://gitlab.com/atlas-datascience/lion/predecessor/core/data-out/order-manager","2025-02-27T20:14:01.182Z","2025-02-27T20:14:01.182Z","","project,gitlab,predecessor/core/data-out/order-manager",""
"project","project_67545829","s3object-streamer","atlas-datascience/lion/predecessor/core/data-out/s3object-streamer","","Project: s3object-streamer\nPath: atlas-datascience/lion/predecessor/core/data-out/s3object-streamer\nDescription: \nURL: https://gitlab.com/atlas-datascience/lion/predecessor/core/data-out/s3object-streamer","{""id"":67545829,""name"":""s3object-streamer"",""path"":""atlas-datascience/lion/predecessor/core/data-out/s3object-streamer"",""namespace"":""atlas-datascience/lion/predecessor/core/data-out"",""visibility"":""private"",""default_branch"":""main"",""star_count"":0,""forks_count"":0}","https://gitlab.com/atlas-datascience/lion/predecessor/core/data-out/s3object-streamer","2025-02-27T20:13:42.738Z","2025-02-27T20:13:42.738Z","","project,gitlab,predecessor/core/data-out/s3object-streamer",""
"project","project_67545824","dissemination-proxy","atlas-datascience/lion/predecessor/core/data-out/dissemination-proxy","","Project: dissemination-proxy\nPath: atlas-datascience/lion/predecessor/core/data-out/dissemination-proxy\nDescription: \nURL: https://gitlab.com/atlas-datascience/lion/predecessor/core/data-out/dissemination-proxy","{""id"":67545824,""name"":""dissemination-proxy"",""path"":""atlas-datascience/lion/predecessor/core/data-out/dissemination-proxy"",""namespace"":""atlas-datascience/lion/predecessor/core/data-out"",""visibility"":""private"",""default_branch"":""main"",""star_count"":0,""forks_count"":0}","https://gitlab.com/atlas-datascience/lion/predecessor/core/data-out/dissemination-proxy","2025-02-27T20:13:18.581Z","2025-02-27T20:13:18.581Z","","project,gitlab,predecessor/core/data-out/dissemination-proxy",""
"project","project_67431931","geopdf-extraction","atlas-datascience/lion/predecessor/core/data-in/extract-transform-load/inventory-enhancement/extraction/geopdf-extraction","","Project: geopdf-extraction\nPath: atlas-datascience/lion/predecessor/core/data-in/extract-transform-load/inventory-enhancement/extraction/geopdf-extraction\nDescription: \nURL: https://gitlab.com/atlas-datascience/lion/predecessor/core/data-in/extract-transform-load/inventory-enhancement/extraction/geopdf-extraction","{""id"":67431931,""name"":""geopdf-extraction"",""path"":""atlas-datascience/lion/predecessor/core/data-in/extract-transform-load/inventory-enhancement/extraction/geopdf-extraction"",""namespace"":""atlas-datascience/lion/predecessor/core/data-in/extract-transform-load/inventory-enhancement/extraction"",""visibility"":""private"",""default_branch"":""main"",""star_count"":0,""forks_count"":0}","https://gitlab.com/atlas-datascience/lion/predecessor/core/data-in/extract-transform-load/inventory-enhancement/extraction/geopdf-extraction","2025-02-24T20:16:10.087Z","2025-02-24T20:16:10.087Z","","project,gitlab,predecessor/core/data-in/extract-transform-load/inventory-enhancement/extraction/geopdf-extraction",""
"project","project_67431818","mrsid-extraction","atlas-datascience/lion/predecessor/core/data-in/extract-transform-load/inventory-enhancement/extraction/mrsid-extraction","","Project: mrsid-extraction\nPath: atlas-datascience/lion/predecessor/core/data-in/extract-transform-load/inventory-enhancement/extraction/mrsid-extraction\nDescription: \nURL: https://gitlab.com/atlas-datascience/lion/predecessor/core/data-in/extract-transform-load/inventory-enhancement/extraction/mrsid-extraction","{""id"":67431818,""name"":""mrsid-extraction"",""path"":""atlas-datascience/lion/predecessor/core/data-in/extract-transform-load/inventory-enhancement/extraction/mrsid-extraction"",""namespace"":""atlas-datascience/lion/predecessor/core/data-in/extract-transform-load/inventory-enhancement/extraction"",""visibility"":""private"",""default_branch"":""main"",""star_count"":0,""forks_count"":0}","https://gitlab.com/atlas-datascience/lion/predecessor/core/data-in/extract-transform-load/inventory-enhancement/extraction/mrsid-extraction","2025-02-24T20:11:06.956Z","2025-02-24T20:11:06.956Z","","project,gitlab,predecessor/core/data-in/extract-transform-load/inventory-enhancement/extraction/mrsid-extraction",""
"project","project_67431796","pic-extraction","atlas-datascience/lion/predecessor/core/data-in/extract-transform-load/inventory-enhancement/extraction/pic-extraction","","Project: pic-extraction\nPath: atlas-datascience/lion/predecessor/core/data-in/extract-transform-load/inventory-enhancement/extraction/pic-extraction\nDescription: \nURL: https://gitlab.com/atlas-datascience/lion/predecessor/core/data-in/extract-transform-load/inventory-enhancement/extraction/pic-extraction","{""id"":67431796,""name"":""pic-extraction"",""path"":""atlas-datascience/lion/predecessor/core/data-in/extract-transform-load/inventory-enhancement/extraction/pic-extraction"",""namespace"":""atlas-datascience/lion/predecessor/core/data-in/extract-transform-load/inventory-enhancement/extraction"",""visibility"":""private"",""default_branch"":""main"",""star_count"":0,""forks_count"":0}","https://gitlab.com/atlas-datascience/lion/predecessor/core/data-in/extract-transform-load/inventory-enhancement/extraction/pic-extraction","2025-02-24T20:10:45.183Z","2025-02-24T20:10:45.183Z","","project,gitlab,predecessor/core/data-in/extract-transform-load/inventory-enhancement/extraction/pic-extraction",""
"project","project_67431787","shpfile-extraction","atlas-datascience/lion/predecessor/core/data-in/extract-transform-load/inventory-enhancement/extraction/shpfile-extraction","","Project: shpfile-extraction\nPath: atlas-datascience/lion/predecessor/core/data-in/extract-transform-load/inventory-enhancement/extraction/shpfile-extraction\nDescription: \nURL: https://gitlab.com/atlas-datascience/lion/predecessor/core/data-in/extract-transform-load/inventory-enhancement/extraction/shpfile-extraction","{""id"":67431787,""name"":""shpfile-extraction"",""path"":""atlas-datascience/lion/predecessor/core/data-in/extract-transform-load/inventory-enhancement/extraction/shpfile-extraction"",""namespace"":""atlas-datascience/lion/predecessor/core/data-in/extract-transform-load/inventory-enhancement/extraction"",""visibility"":""private"",""default_branch"":""main"",""star_count"":0,""forks_count"":0}","https://gitlab.com/atlas-datascience/lion/predecessor/core/data-in/extract-transform-load/inventory-enhancement/extraction/shpfile-extraction","2025-02-24T20:10:18.600Z","2025-02-24T20:10:18.600Z","","project,gitlab,predecessor/core/data-in/extract-transform-load/inventory-enhancement/extraction/shpfile-extraction",""
"project","project_67431746","vpf-extraction","atlas-datascience/lion/predecessor/core/data-in/extract-transform-load/inventory-enhancement/extraction/vpf-extraction","","Project: vpf-extraction\nPath: atlas-datascience/lion/predecessor/core/data-in/extract-transform-load/inventory-enhancement/extraction/vpf-extraction\nDescription: \nURL: https://gitlab.com/atlas-datascience/lion/predecessor/core/data-in/extract-transform-load/inventory-enhancement/extraction/vpf-extraction","{""id"":67431746,""name"":""vpf-extraction"",""path"":""atlas-datascience/lion/predecessor/core/data-in/extract-transform-load/inventory-enhancement/extraction/vpf-extraction"",""namespace"":""atlas-datascience/lion/predecessor/core/data-in/extract-transform-load/inventory-enhancement/extraction"",""visibility"":""private"",""default_branch"":""main"",""star_count"":0,""forks_count"":0}","https://gitlab.com/atlas-datascience/lion/predecessor/core/data-in/extract-transform-load/inventory-enhancement/extraction/vpf-extraction","2025-02-24T20:09:41.748Z","2025-02-24T20:09:41.748Z","","project,gitlab,predecessor/core/data-in/extract-transform-load/inventory-enhancement/extraction/vpf-extraction",""
"project","project_67365663","inventory-assurance-labeling","atlas-datascience/lion/predecessor/core/data-in/extract-transform-load/inventory-enhancement/conditioning/inventory-assurance-labeling","","Project: inventory-assurance-labeling\nPath: atlas-datascience/lion/predecessor/core/data-in/extract-transform-load/inventory-enhancement/conditioning/inventory-assurance-labeling\nDescription: \nURL: https://gitlab.com/atlas-datascience/lion/predecessor/core/data-in/extract-transform-load/inventory-enhancement/conditioning/inventory-assurance-labeling","{""id"":67365663,""name"":""inventory-assurance-labeling"",""path"":""atlas-datascience/lion/predecessor/core/data-in/extract-transform-load/inventory-enhancement/conditioning/inventory-assurance-labeling"",""namespace"":""atlas-datascience/lion/predecessor/core/data-in/extract-transform-load/inventory-enhancement/conditioning"",""visibility"":""private"",""default_branch"":""main"",""star_count"":0,""forks_count"":0}","https://gitlab.com/atlas-datascience/lion/predecessor/core/data-in/extract-transform-load/inventory-enhancement/conditioning/inventory-assurance-labeling","2025-02-21T22:31:08.112Z","2025-02-21T22:31:08.112Z","","project,gitlab,predecessor/core/data-in/extract-transform-load/inventory-enhancement/conditioning/inventory-assurance-labeling",""
"project","project_67365651","entity-mapping","atlas-datascience/lion/predecessor/core/data-in/extract-transform-load/inventory-enhancement/conditioning/entity-mapping","","Project: entity-mapping\nPath: atlas-datascience/lion/predecessor/core/data-in/extract-transform-load/inventory-enhancement/conditioning/entity-mapping\nDescription: \nURL: https://gitlab.com/atlas-datascience/lion/predecessor/core/data-in/extract-transform-load/inventory-enhancement/conditioning/entity-mapping","{""id"":67365651,""name"":""entity-mapping"",""path"":""atlas-datascience/lion/predecessor/core/data-in/extract-transform-load/inventory-enhancement/conditioning/entity-mapping"",""namespace"":""atlas-datascience/lion/predecessor/core/data-in/extract-transform-load/inventory-enhancement/conditioning"",""visibility"":""private"",""default_branch"":""main"",""star_count"":0,""forks_count"":0}","https://gitlab.com/atlas-datascience/lion/predecessor/core/data-in/extract-transform-load/inventory-enhancement/conditioning/entity-mapping","2025-02-21T22:30:05.113Z","2025-02-21T22:30:05.113Z","","project,gitlab,predecessor/core/data-in/extract-transform-load/inventory-enhancement/conditioning/entity-mapping",""
"project","project_67365574","datum-conditioning","atlas-datascience/lion/predecessor/core/data-in/extract-transform-load/inventory-enhancement/conditioning/datum-conditioning","","Project: datum-conditioning\nPath: atlas-datascience/lion/predecessor/core/data-in/extract-transform-load/inventory-enhancement/conditioning/datum-conditioning\nDescription: \nURL: https://gitlab.com/atlas-datascience/lion/predecessor/core/data-in/extract-transform-load/inventory-enhancement/conditioning/datum-conditioning","{""id"":67365574,""name"":""datum-conditioning"",""path"":""atlas-datascience/lion/predecessor/core/data-in/extract-transform-load/inventory-enhancement/conditioning/datum-conditioning"",""namespace"":""atlas-datascience/lion/predecessor/core/data-in/extract-transform-load/inventory-enhancement/conditioning"",""visibility"":""private"",""default_branch"":""main"",""star_count"":0,""forks_count"":0}","https://gitlab.com/atlas-datascience/lion/predecessor/core/data-in/extract-transform-load/inventory-enhancement/conditioning/datum-conditioning","2025-02-21T22:22:23.803Z","2025-02-21T22:22:23.803Z","","project,gitlab,predecessor/core/data-in/extract-transform-load/inventory-enhancement/conditioning/datum-conditioning",""
"project","project_67365549","geospatial-conditioning","atlas-datascience/lion/predecessor/core/data-in/extract-transform-load/inventory-enhancement/conditioning/geospatial-conditioning","","Project: geospatial-conditioning\nPath: atlas-datascience/lion/predecessor/core/data-in/extract-transform-load/inventory-enhancement/conditioning/geospatial-conditioning\nDescription: \nURL: https://gitlab.com/atlas-datascience/lion/predecessor/core/data-in/extract-transform-load/inventory-enhancement/conditioning/geospatial-conditioning","{""id"":67365549,""name"":""geospatial-conditioning"",""path"":""atlas-datascience/lion/predecessor/core/data-in/extract-transform-load/inventory-enhancement/conditioning/geospatial-conditioning"",""namespace"":""atlas-datascience/lion/predecessor/core/data-in/extract-transform-load/inventory-enhancement/conditioning"",""visibility"":""private"",""default_branch"":""main"",""star_count"":0,""forks_count"":0}","https://gitlab.com/atlas-datascience/lion/predecessor/core/data-in/extract-transform-load/inventory-enhancement/conditioning/geospatial-conditioning","2025-02-21T22:21:28.110Z","2025-02-21T22:21:28.110Z","","project,gitlab,predecessor/core/data-in/extract-transform-load/inventory-enhancement/conditioning/geospatial-conditioning",""
"project","project_67365449","geospatial-extraction","atlas-datascience/lion/predecessor/core/data-in/extract-transform-load/inventory-enhancement/extraction/geospatial-extraction","","Project: geospatial-extraction\nPath: atlas-datascience/lion/predecessor/core/data-in/extract-transform-load/inventory-enhancement/extraction/geospatial-extraction\nDescription: \nURL: https://gitlab.com/atlas-datascience/lion/predecessor/core/data-in/extract-transform-load/inventory-enhancement/extraction/geospatial-extraction","{""id"":67365449,""name"":""geospatial-extraction"",""path"":""atlas-datascience/lion/predecessor/core/data-in/extract-transform-load/inventory-enhancement/extraction/geospatial-extraction"",""namespace"":""atlas-datascience/lion/predecessor/core/data-in/extract-transform-load/inventory-enhancement/extraction"",""visibility"":""private"",""default_branch"":""main"",""star_count"":0,""forks_count"":0}","https://gitlab.com/atlas-datascience/lion/predecessor/core/data-in/extract-transform-load/inventory-enhancement/extraction/geospatial-extraction","2025-02-21T22:17:37.685Z","2025-02-21T22:17:37.685Z","","project,gitlab,predecessor/core/data-in/extract-transform-load/inventory-enhancement/extraction/geospatial-extraction",""
"project","project_67365422","document-extraction","atlas-datascience/lion/predecessor/core/data-in/extract-transform-load/inventory-enhancement/extraction/document-extraction","","Project: document-extraction\nPath: atlas-datascience/lion/predecessor/core/data-in/extract-transform-load/inventory-enhancement/extraction/document-extraction\nDescription: \nURL: https://gitlab.com/atlas-datascience/lion/predecessor/core/data-in/extract-transform-load/inventory-enhancement/extraction/document-extraction","{""id"":67365422,""name"":""document-extraction"",""path"":""atlas-datascience/lion/predecessor/core/data-in/extract-transform-load/inventory-enhancement/extraction/document-extraction"",""namespace"":""atlas-datascience/lion/predecessor/core/data-in/extract-transform-load/inventory-enhancement/extraction"",""visibility"":""private"",""default_branch"":""main"",""star_count"":0,""forks_count"":0}","https://gitlab.com/atlas-datascience/lion/predecessor/core/data-in/extract-transform-load/inventory-enhancement/extraction/document-extraction","2025-02-21T22:16:27.248Z","2025-02-21T22:16:27.248Z","","project,gitlab,predecessor/core/data-in/extract-transform-load/inventory-enhancement/extraction/document-extraction",""
